{"name":"TeamScoresIntent","identifier":"UL2W4HYBZA","description":null,"parentIntentSignature":null,"sampleUtterances":[{"utterance":"What's the score of team {teamName} ?"},{"utterance":"{teamName} score"},{"utterance":"Tell score"},{"utterance":"score"}],"intentConfirmationSetting":null,"intentClosingSetting":null,"initialResponseSetting":{"nextStep":{"sessionAttributes":null,"intent":{"name":null,"slots":null},"dialogAction":{"type":"InvokeDialogCodeHook","suppressNextMessage":null,"slotToElicit":null}},"codeHook":{"isActive":true,"invocationLabel":null,"postCodeHookSpecification":{"successConditional":null,"timeoutNextStep":{"sessionAttributes":null,"intent":{"name":null,"slots":null},"dialogAction":{"type":"EndConversation","suppressNextMessage":null,"slotToElicit":null}},"timeoutConditional":null,"timeoutResponse":null,"successResponse":null,"successNextStep":{"sessionAttributes":null,"intent":{"name":null,"slots":null},"dialogAction":{"type":"ElicitSlot","suppressNextMessage":null,"slotToElicit":"teamName"}},"failureResponse":null,"failureNextStep":{"sessionAttributes":null,"intent":{"name":null,"slots":null},"dialogAction":{"type":"EndConversation","suppressNextMessage":null,"slotToElicit":null}},"failureConditional":null},"enableCodeHookInvocation":true},"conditional":null,"initialResponse":null},"inputContexts":null,"outputContexts":null,"kendraConfiguration":null,"dialogCodeHook":null,"fulfillmentCodeHook":{"isActive":true,"fulfillmentUpdatesSpecification":null,"postFulfillmentStatusSpecification":{"timeoutNextStep":{"sessionAttributes":null,"intent":{"name":null,"slots":null},"dialogAction":{"type":"EndConversation","suppressNextMessage":null,"slotToElicit":null}},"timeoutResponse":null,"successResponse":null,"successNextStep":{"sessionAttributes":null,"intent":{"name":null,"slots":null},"dialogAction":{"type":"EndConversation","suppressNextMessage":null,"slotToElicit":null}},"failureResponse":null,"failureNextStep":{"sessionAttributes":null,"intent":{"name":null,"slots":null},"dialogAction":{"type":"EndConversation","suppressNextMessage":null,"slotToElicit":null}}},"enabled":true},"slotPriorities":[{"priority":1,"slotName":"teamName"}]}